{"cameraMode":{"drawMode":0,"name":"Shaded","section":"Shading Mode"},"sceneLighting":true,"audioPlay":false,"sceneViewState":{"showFog":true,"showMaterialUpdate":false,"showSkybox":true,"showFlares":true,"showImageEffects":true,"showParticleSystems":true},"in2DMode":false,"pivot":{"x":-11.724918365478516,"y":7.100640296936035,"z":50.369041442871097},"rotation":{"x":-0.10134492069482804,"y":-0.11983014643192291,"z":0.012895694933831692,"w":-0.9878210425376892},"size":27.08151626586914,"orthographic":false}