{"cameraMode":{"drawMode":0,"name":"Shaded","section":"Shading Mode"},"sceneLighting":true,"audioPlay":false,"sceneViewState":{"showFog":true,"showMaterialUpdate":false,"showSkybox":true,"showFlares":true,"showImageEffects":true,"showParticleSystems":true},"in2DMode":false,"pivot":{"x":-3.2693827152252199,"y":4.244087219238281,"z":4.520341873168945},"rotation":{"x":-0.14527229964733125,"y":-0.023564860224723817,"z":0.0037952950224280359,"w":-0.9893025755882263},"size":2.8186964988708498,"orthographic":false}