{"cameraMode":{"drawMode":0,"name":"Shaded","section":"Shading Mode"},"sceneLighting":true,"audioPlay":false,"sceneViewState":{"showFog":true,"showMaterialUpdate":false,"showSkybox":true,"showFlares":true,"showImageEffects":true,"showParticleSystems":true},"in2DMode":false,"pivot":{"x":2.0608861446380617,"y":5.8163909912109379,"z":24.83610725402832},"rotation":{"x":-0.12429067492485047,"y":-0.05575358867645264,"z":0.0076019493862986568,"w":-0.9909449815750122},"size":2.340242624282837,"orthographic":false}