{"cameraMode":{"drawMode":0,"name":"Shaded","section":"Shading Mode"},"sceneLighting":true,"audioPlay":false,"sceneViewState":{"showFog":true,"showMaterialUpdate":false,"showSkybox":true,"showFlares":true,"showImageEffects":true,"showParticleSystems":true},"in2DMode":false,"pivot":{"x":141.1684112548828,"y":5.722157001495361,"z":-1.2959553003311158},"rotation":{"x":0.07965030521154404,"y":-0.5367765426635742,"z":0.05118074640631676,"w":0.838496744632721},"size":22.0,"orthographic":false}