{"cameraMode":{"drawMode":0,"name":"Shaded","section":"Shading Mode"},"sceneLighting":true,"audioPlay":false,"sceneViewState":{"showFog":true,"showMaterialUpdate":false,"showSkybox":true,"showFlares":true,"showImageEffects":true,"showParticleSystems":true},"in2DMode":false,"pivot":{"x":1.7200627326965333,"y":3.30149245262146,"z":1.0615664720535279},"rotation":{"x":-0.2210947424173355,"y":-0.7166745066642761,"z":0.2619766891002655,"w":-0.6077550053596497},"size":4.041658401489258,"orthographic":false}