{"cameraMode":{"drawMode":0,"name":"Shaded","section":"Shading Mode"},"sceneLighting":true,"audioPlay":false,"sceneViewState":{"showFog":true,"showMaterialUpdate":false,"showSkybox":true,"showFlares":true,"showImageEffects":true,"showParticleSystems":true},"in2DMode":false,"pivot":{"x":-12.518671035766602,"y":34.31479263305664,"z":-22.74895477294922},"rotation":{"x":0.2087278664112091,"y":0.11626751720905304,"z":-0.025401046499609948,"w":0.9708959460258484},"size":2.8578836917877199,"orthographic":false}