{"cameraMode":{"drawMode":0,"name":"Shaded","section":"Shading Mode"},"sceneLighting":true,"audioPlay":false,"sceneViewState":{"showFog":true,"showMaterialUpdate":false,"showSkybox":true,"showFlares":true,"showImageEffects":true,"showParticleSystems":true},"in2DMode":false,"pivot":{"x":20.739999771118165,"y":1.149999976158142,"z":-0.5299997329711914},"rotation":{"x":-0.10134492069482804,"y":-0.11983014643192291,"z":0.012895694933831692,"w":-0.9878210425376892},"size":22.0,"orthographic":false}