{"cameraMode":{"drawMode":0,"name":"Shaded","section":"Shading Mode"},"sceneLighting":false,"audioPlay":false,"sceneViewState":{"showFog":true,"showMaterialUpdate":false,"showSkybox":false,"showFlares":true,"showImageEffects":true,"showParticleSystems":true},"in2DMode":false,"pivot":{"x":426.4299011230469,"y":-254.908935546875,"z":472.9497375488281},"rotation":{"x":-0.13588497042655946,"y":-0.7551384568214417,"z":0.16617925465106965,"w":-0.6197034120559692},"size":841.3381958007813,"orthographic":false}