{"cameraMode":{"drawMode":0,"name":"Shaded","section":"Shading Mode"},"sceneLighting":true,"audioPlay":false,"sceneViewState":{"showFog":true,"showMaterialUpdate":false,"showSkybox":true,"showFlares":true,"showImageEffects":true,"showParticleSystems":true},"in2DMode":false,"pivot":{"x":4.76192045211792,"y":6.345613479614258,"z":3.6954174041748049},"rotation":{"x":0.17636890709400178,"y":-0.8108810186386108,"z":0.30214154720306399,"w":0.4697016775608063},"size":4.041658401489258,"orthographic":false}